<?xml version="1.0" encoding="UTF-8"?>
<addon id="plugin.program.nova.notifications" version="99.0.2"
       name="Notifications" provider-name="Pangea">
  <requires>
  	<import addon="xbmc.python" version="2.1.0"/>
  	<import addon="script.module.addon.common" optional="true" />
  </requires>
  <extension point="xbmc.python.script" library="default.py">
    <provides>executable</provides>
  </extension>
  <extension point="xbmc.service" library="service.py" start="startup">
  </extension>
  <extension point="xbmc.addon.metadata">
  	<summary>NOVAnotifs</summary>
  	<description>Receive Important NOVA Build Notifications. Unsubscribe within Add-on Settings.</description>
  	<disclaimer>We take no responsibility for any problems this plugin might in any way, form, shape or size cause.</disclaimer>
  	<language>en</language>
  	<platform>all</platform>
  	<forum></forum>
  	<website>http://www.novabuild.tk/</website>
  	<source></source>
  	<email></email>
  </extension>
</addon>
